<?xml version="1.0"?>
<doc>
    <assembly>
        <name>spider_mobiles</name>
    </assembly>
    <members>
        <member name="M:spider_mobiles.Controllers.usercontroller.Getuserdetails(System.String,System.String)">
            <summary>
            This is to get the user details with email and pass
            </summary>
            <param name="email"></param>
            <param name="pass"></param>
            <returns></returns>
        </member>
        <member name="T:spider_mobiles.Migrations.mg1">
            <inheritdoc />
        </member>
        <member name="M:spider_mobiles.Migrations.mg1.Up(Microsoft.EntityFrameworkCore.Migrations.MigrationBuilder)">
            <inheritdoc />
        </member>
        <member name="M:spider_mobiles.Migrations.mg1.Down(Microsoft.EntityFrameworkCore.Migrations.MigrationBuilder)">
            <inheritdoc />
        </member>
        <member name="M:spider_mobiles.Migrations.mg1.BuildTargetModel(Microsoft.EntityFrameworkCore.ModelBuilder)">
            <inheritdoc />
        </member>
    </members>
</doc>
